Id,Name,Position,Ranking_position,Matches_played,Matches_played_%,Usually_starting,Goals_OR_saved_penalties,Penalty_goals_OR_clean_sheets,Assists,Yellow_cards,Red_cards,Points,Average_points,Points_last_5_games,Average_points_last_5_games,Current_price,Max_price,Min_price
Id,Name,Position,Ranking_position,Matches_played,Matches_played_%,Usually_starting,Goals_OR_saved_penalties,Penalty_goals_OR_clean_sheets,Assists,Yellow_cards,Red_cards,Points,Average_points,Points_last_5_games,Average_points_last_5_games,Current_price,Max_price,Min_price
-1,Fernando Martínez,PT,6,12,92.31,True,1,0,0,0,0,60,5,2720000,3720000,1000000
-1,Pacheco,PT,29,1,7.69,False,0,0,0,0,0,4,4,1410000,3310000,1330000
-1,Rodrigo Ely,DF,28,13,100.00,True,0,0,0,2,0,50,3.8,2880000,3170000,720000
-1,Akieme,DF,38,13,100.00,True,0,0,0,3,0,44,3.4,3350000,3580000,650000
-1,Babic,DF,55,12,92.31,True,1,0,0,0,0,38,3.2,2330000,2570000,1250000
-1,Álex Pozo,DF,81,9,69.23,False,0,0,1,0,0,29,3.2,1140000,1880000,380000
-1,Kaiky,DF,100,8,61.54,False,0,0,0,5,0,23,2.9,1460000,2600000,500000
-1,Chumi,DF,117,7,53.85,False,0,0,0,1,0,18,2.6,710000,950000,520000
-1,Mendes,DF,141,7,53.85,True,0,0,1,0,0,9,1.3,1060000,1060000,500000
-1,Juanjo Nieto,DF,173,0,0.00,False,0,0,0,0,0,0,0,290000,530000,220000
-1,Iván Martos,DF,175,0,0.00,False,0,0,0,0,0,0,0,270000,270000,160000
-1,Álex Centelles,DF,181,0,0.00,False,0,0,0,0,0,0,0,260000,370000,230000
-1,Robertone,MD,16,13,100.00,True,1,0,1,2,0,66,5.1,4670000,4880000,1500000
-1,Ramazani,MD,56,13,100.00,False,2,0,0,3,0,46,3.5,5340000,6900000,1500000
-1,Eguaras,MD,68,10,76.92,False,1,0,1,2,0,43,4.3,2210000,2730000,590000
-1,Embarba,MD,67,9,69.23,True,1,0,2,2,0,43,4.8,2370000,8980000,1040000
-1,Melero,MD,80,7,53.85,True,1,0,2,2,0,39,5.6,4600000,4880000,1000000
-1,Samu Costa,MD,102,10,76.92,False,0,0,0,3,0,30,3,1520000,2480000,950000
-1,De la Hoz,MD,107,7,53.85,True,1,0,0,3,0,28,4,1430000,1430000,640000
-1,Lázaro Vinicius,MD,127,6,46.15,False,1,0,0,0,0,21,3.5,1180000,1780000,750000
-1,Francisco Portillo,MD,128,9,69.23,False,0,0,0,0,0,21,2.3,1000000,1980000,910000
-1,Arnau Puigmal,MD,157,8,61.54,False,0,0,0,3,0,11,1.4,530000,970000,510000
-1,Gui Guedes,MD,193,0,0.00,False,0,0,0,0,0,0,0,440000,1150000,440000
-1,Svidersky,MD,194,0,0.00,False,0,0,0,0,0,0,0,410000,1330000,410000
-1,Leo Baptistão,DL,32,10,76.92,True,1,0,2,2,0,40,4,4470000,4490000,1500000
-1,El Bilal Touré,DL,34,7,53.85,True,3,0,1,0,0,38,5.4,5600000,5830000,1750000
-1,Dyego Sousa,DL,51,9,69.23,False,0,0,1,1,0,28,3.1,1560000,1890000,500000
-1,Milovanovic,DL,84,2,15.38,False,0,0,0,1,0,4,2,760000,1910000,600000
-1,Unai Simón,PT,9,13,100.00,True,0,5,0,1,0,57,4.4,4110000,5130000,3030000
-1,Agirrezabala,PT,34,0,0.00,False,0,0,0,0,0,0,0,320000,650000,250000
-1,Ander Iru,PT,39,0,0.00,False,0,0,0,0,0,0,0,250000,480000,160000
-1,Yeray Álvarez,DF,4,11,84.62,True,0,0,1,2,0,62,5.6,5220000,5560000,1530000
-1,De Marcos,DF,9,13,100.00,True,0,0,3,2,0,59,4.5,5690000,5980000,1130000
-1,Iñigo Martínez,DF,51,9,69.23,True,0,0,0,1,0,39,4.3,6910000,7770000,4060000
-1,Lekue,DF,56,11,84.62,False,0,0,1,1,0,38,3.5,2220000,3160000,610000
-1,Daniel Vivian,DF,84,7,53.85,False,0,0,0,1,0,28,4,2390000,4230000,1880000
-1,Yuri Berchiche,DF,92,6,46.15,True,0,0,0,2,0,25,4.2,5280000,5920000,1430000
-1,Aitor Paredes,DF,157,1,7.69,False,0,0,0,0,0,3,3,330000,380000,160000
-1,Balenziaga,DF,161,1,7.69,False,0,0,0,0,0,2,2,370000,2250000,300000
-1,Capa,DF,166,0,0.00,False,0,0,0,0,0,0,0,550000,1250000,450000
-1,Álex Berenguer,MD,10,13,100.00,True,3,0,1,0,0,79,6.1,10330000,11700000,2750000
-1,Nico Williams,MD,13,13,100.00,True,3,0,3,0,0,76,5.8,14180000,15750000,2100000
-1,Mikel Vesga,MD,21,12,92.31,True,2,1,1,2,0,64,5.3,6530000,6560000,680000
-1,Muniain,MD,41,10,76.92,False,0,0,0,1,0,49,4.9,11440000,14090000,6100000
-1,Dani García,MD,121,8,61.54,False,0,0,1,1,0,24,3,1370000,1950000,520000
-1,Zarraga,MD,142,9,69.23,False,0,0,0,1,0,17,1.9,600000,1280000,500000
-1,Unai Vencedor,MD,148,5,38.46,False,0,0,0,1,0,13,2.6,1170000,3590000,1140000
-1,Jon Morcillo,MD,150,7,53.85,False,0,0,1,0,0,13,1.9,590000,600000,250000
-1,Ander Herrera,MD,156,5,38.46,False,0,0,1,1,1,11,2.2,4790000,7910000,1500000
-1,Malcom Adu,MD,185,0,0.00,False,0,0,0,0,0,0,0,310000,440000,160000
-1,Williams,DL,13,13,100.00,True,5,0,1,0,0,71,5.5,12080000,12700000,5410000
-1,Sancet,DL,22,13,100.00,True,3,1,0,2,0,52,4,6200000,6930000,2120000
-1,Raúl García,DL,30,12,92.31,True,1,0,1,1,0,43,3.6,2870000,6130000,2240000
-1,Guruzeta,DL,43,6,46.15,False,3,0,0,0,0,33,5.5,1550000,2460000,350000
-1,Villalibre,DL,80,3,23.08,False,0,0,0,0,0,8,2.7,1200000,2080000,660000
-1,Oblak,PT,15,11,84.62,True,0,3,0,1,0,44,4,4790000,6620000,3600000
-1,Ivo Grbic,PT,26,4,30.77,False,0,0,0,1,0,11,2.8,670000,710000,210000
-1,Reinildo Mandava,DF,5,13,100.00,True,0,0,0,2,0,61,4.7,5650000,6210000,1500000
-1,José Giménez,DF,33,9,69.23,False,0,0,0,5,0,46,5.1,4420000,5570000,3070000
-1,Savic,DF,54,9,69.23,True,0,0,0,2,0,38,4.2,4880000,5510000,2050000
-1,Nahuel Molina,DF,70,10,76.92,True,0,0,0,1,1,34,3.4,4550000,9290000,2500000
-1,Mario Hermoso,DF,128,3,23.08,True,1,0,0,1,0,14,4.7,1050000,3760000,980000
-1,Felipe,DF,158,1,7.69,False,0,0,0,0,0,2,2,720000,3120000,720000
-1,Reguilón,DF,164,0,0.00,False,0,0,0,0,0,0,0,2060000,2710000,1780000
-1,Rodrigo de Paul,MD,32,11,84.62,True,1,0,1,1,0,58,5.3,6070000,9900000,4520000
-1,Witsel,MD,40,13,100.00,False,0,0,0,2,0,50,3.8,4380000,6910000,2000000
-1,Ferreira Carrasco,MD,42,12,92.31,False,1,0,0,1,0,49,4.1,7670000,12410000,5740000
-1,Kondogbia,MD,57,11,84.62,True,0,0,1,3,0,46,4.2,5270000,5270000,2470000
-1,Marcos Llorente,MD,77,7,53.85,True,1,0,0,1,0,40,5.7,7340000,11350000,4070000
-1,Saúl Ñíguez,MD,79,11,84.62,False,0,0,1,5,0,40,3.6,3200000,3990000,1920000
-1,Koke,MD,84,9,69.23,False,0,0,2,2,0,37,4.1,4720000,7220000,2910000
-1,Lemar,MD,91,8,61.54,True,0,0,2,0,0,35,4.4,3650000,8670000,1970000
-1,Pablo Barrios,MD,181,1,7.69,False,0,0,0,0,0,2,2,510000,520000,160000
-1,Carlos Martín,MD,209,0,0.00,False,0,0,0,0,0,0,0,210000,410000,160000
-1,Griezmann,DL,3,13,100.00,True,5,0,3,0,0,101,7.8,21530000,21530000,7270000
-1,Morata,DL,8,13,100.00,True,5,0,1,3,0,83,6.4,16410000,19420000,3510000
-1,João Félix,DL,19,12,92.31,False,3,0,3,5,0,57,4.8,11890000,21030000,7020000
-1,Correa,DL,21,13,100.00,False,3,0,0,0,0,53,4.1,7290000,12920000,5330000
-1,Matheus Cunha,DL,36,11,84.62,False,0,0,2,2,0,36,3.3,4030000,8330000,3070000
-1,Ter Stegen,PT,1,13,100.00,True,0,11,0,0,0,86,6.6,7090000,7730000,3700000
-1,Iñaki Peña,PT,31,0,0.00,False,0,0,0,0,0,0,0,530000,800000,160000
-1,Alejandro Balde,DF,16,11,84.62,True,0,0,3,1,0,56,5.1,5470000,5470000,310000
-1,Jordi Alba,DF,18,9,69.23,True,0,0,1,1,0,54,6,4780000,12830000,3830000
-1,Eric García,DF,31,9,69.23,True,1,0,0,2,0,48,5.3,4410000,4900000,1480000
-1,Kounde,DF,32,7,53.85,False,0,0,2,0,0,46,6.6,11180000,12010000,4900000
-1,Piqué,DF,75,6,46.15,False,0,0,0,3,0,32,5.3,3300000,6900000,2310000
-1,Marcos Alonso,DF,79,6,46.15,False,0,0,0,1,0,29,4.8,3850000,4730000,2000000
-1,Ronald Araujo,DF,82,6,46.15,False,0,0,0,3,0,28,4.7,5230000,9890000,4580000
-1,Christensen,DF,112,4,30.77,True,0,0,0,1,0,19,4.8,3100000,5260000,2500000
-1,Héctor Bellerín,DF,136,3,23.08,False,0,0,0,0,0,12,4,4030000,4550000,1500000
-1,Pedri,MD,5,13,100.00,True,2,0,0,0,0,90,6.9,17980000,23280000,6780000
-1,De Jong,MD,12,12,92.31,True,2,0,0,0,0,78,6.5,10690000,14120000,5240000
-1,Sergio Busquets,MD,20,11,84.62,True,0,0,1,4,0,64,5.8,9070000,11160000,7290000
-1,Gavi,MD,31,13,100.00,True,0,0,1,2,0,58,4.5,10560000,12510000,6750000
-1,Sergi Roberto,MD,46,9,69.23,False,2,0,0,1,0,49,5.4,2150000,3730000,510000
-1,Kessié,MD,131,7,53.85,False,0,0,0,3,0,20,2.9,3020000,7860000,2990000
-1,Pablo Torre,MD,178,0,0.00,False,0,0,0,0,0,0,0,930000,960000,160000
-1,Álvaro Sanz,MD,199,0,0.00,False,0,0,0,0,0,0,0,240000,300000,160000
-1,Lewandowski,DL,1,13,100.00,True,13,0,4,0,0,137,10.5,33800000,40010000,12500000
-1,Dembélé,DL,5,13,100.00,True,4,0,5,3,0,94,7.2,21790000,26050000,7840000
-1,Raphinha,DL,11,12,92.31,False,1,0,2,1,0,72,6,18940000,23870000,7000000
-1,Ansu Fati,DL,15,13,100.00,False,3,0,3,0,0,65,5,15600000,20140000,8440000
-1,Ferrán Torres,DL,26,12,92.31,False,2,0,0,3,0,45,3.8,7210000,23440000,5490000
-1,Depay,DL,72,2,15.38,False,1,0,0,0,0,13,6.5,2560000,23350000,2560000
-1,Ilias Akhomach,DL,97,0,0.00,False,0,0,0,0,0,0,0,400000,1550000,160000
-1,Estanis,DL,99,0,0.00,False,0,0,0,0,0,0,0,260000,350000,160000
-1,Rui Silva,PT,5,11,84.62,True,0,5,0,2,0,66,6,4720000,5040000,1130000
-1,Claudio Bravo,PT,25,2,15.38,False,0,1,0,1,0,14,7,850000,1650000,570000
-1,Dani Martín,PT,47,0,0.00,False,0,0,0,0,0,0,0,180000,260000,160000
-1,Édgar González,DF,22,10,76.92,False,0,0,0,2,0,52,5.2,3960000,4130000,700000
-1,Álex Moreno,DF,26,12,92.31,True,0,0,3,1,0,51,4.3,5020000,6180000,2700000
-1,Pezzella,DF,46,11,84.62,True,0,0,0,2,2,41,3.7,4350000,4360000,750000
-1,Sabaly,DF,83,8,61.54,True,0,0,0,0,0,28,3.5,2720000,3040000,610000
-1,Luiz Felipe,DF,107,7,53.85,False,0,0,0,0,1,20,2.9,3380000,5660000,1000000
-1,Víctor Ruiz,DF,133,3,23.08,True,0,0,0,0,0,13,4.3,970000,2680000,420000
-1,Martín Montoya,DF,137,3,23.08,False,0,0,0,0,0,12,4,590000,2420000,250000
-1,Juan Miranda,DF,154,0,0.00,False,0,0,0,0,0,0,0,490000,1180000,440000
-1,Fran Delgado,DF,163,0,0.00,False,0,0,0,0,0,2,0,250000,300000,160000
-1,William Carvalho,MD,24,12,92.31,True,2,0,0,3,0,63,5.3,7530000,8200000,2870000
-1,Guido Rodríguez,MD,30,11,84.62,True,0,0,0,2,0,59,5.4,6550000,7800000,2680000
-1,Canales,MD,55,10,76.92,True,1,0,0,2,0,46,4.6,15710000,17410000,7310000
-1,Aitor Ruibal,MD,75,12,92.31,False,0,0,0,1,0,41,3.4,2320000,2360000,430000
-1,Luiz Henrique,MD,90,11,84.62,True,0,0,1,1,0,35,3.2,5290000,7370000,1000000
-1,Rodrigo Sánchez,MD,93,10,76.92,True,1,0,0,0,0,34,3.4,2740000,3850000,470000
-1,Fekir,MD,99,8,61.54,False,1,0,1,4,1,32,4,16000000,16610000,9220000
-1,Guardado,MD,123,8,61.54,False,0,0,0,2,0,23,2.9,1130000,1420000,470000
-1,Joaquín,MD,125,5,38.46,False,0,0,1,0,0,22,4.4,960000,1400000,560000
-1,Paul Akouokou,MD,146,5,38.46,False,0,0,0,1,0,14,2.8,560000,560000,250000
-1,Juan Cruz,MD,149,3,23.08,False,1,0,0,0,0,11,3.7,790000,800000,160000
-1,Camarasa,MD,202,0,0.00,False,0,0,0,0,0,0,0,230000,640000,200000
-1,Borja Iglesias,DL,7,13,100.00,False,8,3,2,0,1,92,7.1,19030000,20680000,4060000
-1,Juanmi Jiménez,DL,65,4,30.77,False,2,0,0,2,0,19,4.8,5820000,15310000,5220000
-1,Willian José,DL,66,9,69.23,True,0,0,0,0,0,18,2,3170000,10720000,3170000
-1,Loren Morón,DL,82,2,15.38,False,0,0,0,1,0,5,2.5,380000,1580000,370000
-1,Jeremías Ledesma,PT,4,13,100.00,True,1,4,0,0,0,71,5.5,3810000,3890000,2140000
-1,David Gil,PT,41,0,0.00,False,0,0,0,0,0,0,0,210000,230000,160000
-1,Luis Hernández,DF,39,12,92.31,False,0,0,0,0,0,44,3.7,2850000,3610000,490000
-1,Víctor Chust,DF,69,11,84.62,False,1,0,0,3,0,35,3.2,2220000,2220000,790000
-1,Espino,DF,72,13,100.00,True,0,0,3,3,0,33,2.5,2860000,4580000,2250000
-1,Fali,DF,86,7,53.85,True,0,0,0,1,0,28,4,1010000,2080000,650000
-1,Zaldua,DF,110,10,76.92,False,0,0,1,4,0,20,2,1250000,2180000,830000
-1,Iza Carcelén,DF,134,6,46.15,True,0,0,0,0,2,13,2.2,660000,1870000,360000
-1,Momo Mbaye,DF,143,3,23.08,False,0,0,0,0,0,9,3,330000,390000,160000
-1,Arzamendia,DF,146,4,30.77,False,0,0,0,0,0,7,1.8,470000,660000,280000
-1,Cala,DF,147,2,15.38,True,0,0,0,0,0,7,3.5,320000,950000,270000
-1,Álex Fernández,MD,49,11,84.62,True,2,0,0,0,0,48,4.4,1750000,4580000,1270000
-1,Fede San Emeterio,MD,100,12,92.31,True,0,0,0,4,0,32,2.7,1010000,1010000,430000
-1,Iván Alejo,MD,116,11,84.62,False,0,0,1,4,0,26,2.4,720000,1160000,290000
-1,Bongonda,MD,113,8,61.54,True,1,0,0,0,0,26,3.3,1480000,2380000,1250000
-1,Rubén Alcaraz,MD,118,9,69.23,False,0,0,0,3,0,23,2.6,2000000,5660000,1000000
-1,José Mari,MD,124,9,69.23,False,0,0,0,1,0,23,2.6,860000,1070000,350000
-1,Brian Ocampo,MD,143,9,69.23,True,0,0,0,1,0,16,1.8,1420000,1660000,650000
-1,Awer Mabil,MD,160,5,38.46,False,0,0,0,0,0,9,1.8,1140000,1790000,500000
-1,Antonio Blanco,MD,169,3,23.08,False,0,0,0,0,0,7,2.3,590000,1120000,260000
-1,Tomás Alarcón,MD,173,4,30.77,False,0,0,0,0,0,6,1.5,510000,2950000,500000
-1,Mamady Diarra,MD,174,2,15.38,False,0,0,0,0,0,4,2,350000,430000,160000
-1,Álvaro Bastida,MD,196,0,0.00,False,0,0,0,0,0,0,0,260000,430000,210000
-1,Jon Ander Garrido,MD,207,0,0.00,False,0,0,0,0,0,0,0,220000,240000,180000
-1,Lucas Pérez,DL,33,12,92.31,False,1,0,0,2,0,39,3.3,3360000,7360000,3360000
-1,Negredo,DL,42,9,69.23,False,1,0,1,0,0,33,3.7,3080000,7070000,2780000
-1,Sobrino,DL,53,10,76.92,True,1,0,0,2,0,27,2.7,1620000,2370000,980000
-1,Choco Lozano,DL,60,11,84.62,True,0,0,0,2,0,24,2.2,2310000,6260000,1750000
-1,Álvaro Giménez,DL,91,1,7.69,False,0,0,0,0,0,1,1,300000,350000,220000
-1,Iván Chapela,DL,98,0,0.00,False,0,0,0,0,0,0,0,260000,560000,260000
-1,Marchesin,PT,14,13,100.00,True,2,3,0,3,0,46,3.5,3800000,4300000,1000000
-1,Iván Villar,PT,40,0,0.00,False,0,0,0,0,0,0,0,230000,510000,230000
-1,Aidoo,DF,23,13,100.00,True,1,0,0,2,0,52,4,3330000,3330000,860000
-1,Unai Núñez,DF,64,12,92.31,True,0,0,0,3,0,36,3,2370000,3360000,340000
-1,Hugo Mallo,DF,80,11,84.62,False,0,0,0,3,0,29,2.6,2120000,3610000,1480000
-1,Javi Galán,DF,90,13,100.00,True,0,0,1,2,0,26,2,3820000,5780000,3450000
-1,Mingueza,DF,111,9,69.23,True,0,0,0,2,0,20,2.2,1050000,2680000,550000
-1,Carlos Domínguez,DF,174,0,0.00,False,0,0,0,0,0,0,0,270000,430000,260000
-1,Kevin Vázquez,DF,172,0,0.00,False,0,0,0,0,0,0,0,350000,1760000,350000
-1,Óscar Rodríguez,MD,19,12,92.31,True,2,0,0,2,0,65,5.4,6150000,6820000,1500000
-1,Gabriel Veiga,MD,52,12,92.31,True,3,0,1,3,1,47,3.9,4280000,4290000,210000
-1,Fran Beltrán,MD,72,13,100.00,True,0,0,1,1,0,42,3.2,3500000,4420000,1680000
-1,Franco Cervi,MD,87,12,92.31,True,0,0,2,0,1,36,3,2460000,4340000,2340000
-1,Renato Tapia,MD,88,10,76.92,False,0,0,0,2,0,36,3.6,2210000,3600000,530000
-1,Carles Pérez,MD,97,13,100.00,False,0,0,2,1,0,33,2.5,3060000,4100000,1000000
-1,Augusto Solari,MD,145,6,46.15,False,0,0,1,0,0,14,2.3,780000,930000,310000
-1,Luca de la Torre,MD,162,5,38.46,False,0,0,0,0,0,9,1.8,710000,1860000,500000
-1,Swedberg,MD,179,1,7.69,False,0,0,0,1,0,2,2,930000,2230000,750000
-1,Denis Suárez,MD,191,0,0.00,False,0,0,0,0,0,0,0,1640000,7210000,1640000
-1,Hugo Álvarez,MD,206,0,0.00,False,0,0,0,0,0,0,0,220000,270000,200000
-1,Iago Aspas,DL,2,13,100.00,True,7,1,2,2,0,102,7.8,25210000,26110000,11350000
-1,Strand Larsen,DL,47,10,76.92,False,0,0,2,3,0,31,3.1,4810000,6350000,2000000
-1,Gonzalo Paciencia,DL,49,9,69.23,True,1,0,0,0,1,28,3.1,4740000,6660000,1500000
-1,Pablo Durán,DL,85,2,15.38,False,0,0,0,0,0,4,2,330000,330000,160000
-1,Édgar Badía,PT,7,13,100.00,True,2,0,0,2,0,59,4.5,3280000,3490000,820000
-1,Axel Werner,PT,42,0,0.00,False,0,0,0,0,0,0,0,210000,330000,160000
-1,Bigas,DF,65,12,92.31,True,0,0,0,2,0,36,3,1850000,2260000,720000
-1,Enzo Roco,DF,103,10,76.92,False,0,0,0,2,0,22,2.2,1250000,2970000,940000
-1,Helibelton Palacios,DF,106,9,69.23,False,0,0,0,3,0,21,2.3,970000,1750000,590000
-1,Clerc,DF,105,9,69.23,True,0,0,1,1,0,21,2.3,1200000,1640000,500000
-1,Pol Lirola,DF,119,7,53.85,False,0,0,0,1,0,17,2.4,870000,1560000,500000
-1,Gonzalo Verdú,DF,122,6,46.15,True,1,0,0,0,1,16,2.7,1180000,2170000,560000
-1,Fernández Mercau,DF,130,7,53.85,False,0,0,0,2,0,14,2,620000,890000,500000
-1,Diego González,DF,135,5,38.46,False,0,0,0,1,0,13,2.6,570000,1560000,440000
-1,Federico Fernández,DF,152,1,7.69,False,0,0,0,0,0,4,4,860000,1210000,500000
-1,John Donald,DF,180,3,23.08,False,0,0,0,0,1,-4,-1.3,280000,310000,210000
-1,Gumbau,MD,59,12,92.31,True,0,0,3,4,0,45,3.8,1710000,2160000,470000
-1,Omar Mascarell,MD,106,11,84.62,True,0,0,0,3,0,28,2.5,1440000,2470000,900000
-1,Álex Collado,MD,111,7,53.85,True,1,0,0,0,0,26,3.7,2460000,4060000,260000
-1,Josan,MD,122,11,84.62,True,1,0,0,2,0,24,2.2,930000,1770000,640000
-1,Raúl Guti,MD,126,10,76.92,False,0,0,0,1,0,22,2.2,910000,2270000,610000
-1,Tete Morente,MD,135,11,84.62,True,0,0,0,3,0,20,1.8,960000,3380000,780000
-1,Domingos Quina,MD,136,9,69.23,False,0,0,0,1,0,20,2.2,950000,1170000,750000
-1,Fidel,MD,159,4,30.77,False,0,0,0,2,0,9,2.3,2470000,4580000,2400000
-1,Pastore,MD,188,1,7.69,False,0,0,0,0,0,1,1,570000,2710000,370000
-1,Álex Alfaro,MD,189,0,0.00,False,0,0,0,0,0,0,0,280000,290000,160000
-1,Pere Milla,DL,17,12,92.31,True,3,1,1,3,0,59,4.9,6220000,6220000,960000
-1,Ezequiel Ponce,DL,37,12,92.31,False,2,0,0,2,0,36,3,2170000,2730000,830000
-1,Lucas Boyé,DL,54,11,84.62,True,1,0,2,2,1,26,2.4,4540000,7960000,2690000
-1,Roger,DL,68,7,53.85,False,0,0,1,1,0,17,2.4,2690000,5400000,2000000
-1,Lecomte,PT,21,9,69.23,True,0,1,0,1,1,23,2.6,1550000,3270000,210000
-1,Álvaro Fernández,PT,27,4,30.77,False,0,1,0,0,0,10,2.5,1140000,2230000,750000
-1,Joan García,PT,46,0,0.00,False,0,0,0,0,0,0,0,190000,410000,160000
-1,Brian Oliván,DF,7,13,100.00,True,0,0,3,3,0,60,4.6,3290000,3340000,660000
-1,Calero,DF,50,11,84.62,True,0,0,0,1,0,40,3.6,2090000,2230000,440000
-1,Leandro Cabrera,DF,63,13,100.00,False,0,0,0,1,1,36,2.8,3470000,4980000,2610000
-1,Óscar Gil,DF,71,10,76.92,True,0,0,1,4,0,34,3.4,2330000,2330000,600000
-1,Sergi Gómez,DF,109,10,76.92,True,0,0,0,0,1,20,2,1400000,3970000,880000
-1,Rubén Sánchez Sáez,DF,116,4,30.77,False,0,0,0,0,0,18,4.5,1290000,2360000,160000
-1,Aleix Vidal,DF,129,8,61.54,False,0,0,0,3,0,14,1.8,790000,3170000,500000
-1,Omar El Hilali,DF,139,5,38.46,False,0,0,0,1,0,11,2.2,330000,380000,160000
-1,Simo,DF,150,3,23.08,False,0,0,0,0,0,6,2,230000,270000,160000
-1,Adrià Pedrosa,DF,165,0,0.00,False,0,0,0,0,0,0,0,880000,3380000,870000
-1,Lluís Recasens,DF,177,0,0.00,False,0,0,0,0,0,0,0,240000,270000,200000
-1,Sergi Darder,MD,4,13,100.00,True,2,0,1,2,0,93,7.2,11920000,11920000,3300000
-1,Edu Expósito,MD,15,12,92.31,True,2,0,2,0,0,72,6,7650000,8170000,2000000
-1,Vinicius Souza,MD,28,13,100.00,True,0,0,0,4,0,62,4.8,4160000,4160000,500000
-1,Javi Puado,MD,92,12,92.31,True,1,0,0,0,0,35,2.9,2460000,3910000,1740000
-1,Keidi Bare,MD,110,10,76.92,False,0,0,0,0,0,27,2.7,760000,1520000,630000
-1,Lazo,MD,130,7,53.85,False,1,0,0,0,0,21,3,720000,1250000,610000
-1,Nico Melamed,MD,144,8,61.54,False,0,0,0,1,0,15,1.9,880000,1640000,470000
-1,Pol Lozano,MD,167,4,30.77,False,0,0,0,1,0,8,2,310000,310000,200000
-1,Luca Koleosho,MD,176,2,15.38,False,0,0,0,0,0,3,1.5,270000,280000,160000
-1,Gori,MD,205,0,0.00,False,0,0,0,0,0,0,0,220000,270000,200000
-1,Villahermosa,MD,208,0,0.00,False,0,0,0,0,0,0,0,220000,230000,160000
-1,Joselu,DL,6,13,100.00,True,7,2,1,1,0,94,7.2,18510000,18510000,6000000
-1,Braithwaite,DL,46,8,61.54,True,3,0,1,2,1,31,3.9,8130000,8650000,680000
-1,Dani Gómez,DL,76,5,38.46,False,0,0,0,1,0,10,2,1030000,1800000,600000
-1,Nabil Touaizi,DL,89,1,7.69,False,0,0,0,0,0,2,2,300000,300000,160000
-1,David Soria,PT,3,13,100.00,True,2,5,0,1,0,72,5.5,3310000,3780000,2240000
-1,Diego Conde,PT,44,0,0.00,False,0,0,0,0,0,0,0,200000,300000,160000
-1,Kiko Casilla,PT,37,0,0.00,False,0,0,0,0,0,0,0,290000,3820000,160000
-1,Domingos Duarte,DF,15,13,100.00,False,0,0,2,5,0,57,4.4,3230000,3320000,1000000
-1,Juan Iglesias,DF,19,12,92.31,True,1,0,0,3,0,54,4.5,3190000,3290000,280000
-1,Mitrovic,DF,66,12,92.31,True,0,0,0,3,0,36,3,1270000,2140000,740000
-1,Damián Suárez,DF,67,7,53.85,False,1,0,0,2,0,35,5,2940000,5080000,2020000
-1,Gastón Álvarez,DF,77,7,53.85,False,2,0,0,0,1,31,4.4,2200000,2780000,250000
-1,Djené,DF,104,11,84.62,True,0,0,0,4,0,21,1.9,1730000,2840000,1480000
-1,Angileri,DF,144,8,61.54,False,0,0,0,2,1,7,0.9,900000,2230000,750000
-1,Omar Alderete,DF,156,1,7.69,True,0,0,0,0,0,3,3,1400000,4260000,1200000
-1,Amavi,DF,159,3,23.08,True,0,0,0,0,0,2,0.7,680000,960000,500000
-1,Kofi,DF,170,0,0.00,False,0,0,0,0,0,0,0,350000,560000,220000
-1,Aleñá,MD,58,12,92.31,True,2,0,2,5,0,45,3.8,2730000,2770000,1080000
-1,Maksimovic,MD,98,11,84.62,True,0,0,0,0,0,33,3,2420000,4840000,2150000
-1,Luis Milla,MD,101,7,53.85,True,0,0,0,0,0,30,4.3,5170000,7830000,3000000
-1,Algobia,MD,119,8,61.54,False,0,0,0,2,0,25,3.1,770000,830000,160000
-1,Mauro Arambarri,MD,120,6,46.15,False,0,0,1,0,0,24,4,2880000,6390000,2530000
-1,Jaime Seoane,MD,140,9,69.23,False,0,0,0,0,0,18,2,1050000,2670000,1000000
-1,Moi Parra,MD,175,0,0.00,False,0,0,0,0,0,0,0,300000,310000,160000
-1,Enes Ünal,DL,10,13,100.00,True,4,0,2,3,0,78,6,15000000,15000000,4510000
-1,Borja Mayoral,DL,40,13,100.00,True,1,0,0,2,0,34,2.6,4720000,7240000,2000000
-1,Munir El Haddadi,DL,57,7,53.85,False,1,0,0,1,0,25,3.6,2530000,2820000,430000
-1,Portu,DL,61,11,84.62,False,0,0,0,0,0,23,2.1,2440000,6990000,2440000
-1,Latasa,DL,73,5,38.46,False,0,0,0,0,0,12,2.4,850000,1280000,160000
-1,Jaime Mata,DL,75,6,46.15,False,0,0,0,1,0,11,1.8,580000,2230000,410000
-1,Juan Carlos Martín,PT,19,10,76.92,False,0,0,0,0,0,25,2.5,1830000,2870000,750000
-1,Gazzaniga,PT,23,3,23.08,True,0,0,0,1,0,17,5.7,1180000,1180000,500000
-1,Toni Fuidias,PT,36,0,0.00,False,0,0,0,0,0,0,0,290000,480000,250000
-1,Santiago Bueno,DF,2,13,100.00,True,0,0,1,2,0,63,4.8,5360000,5360000,750000
-1,David López,DF,27,7,53.85,True,2,0,1,2,0,51,7.3,2400000,2490000,400000
-1,Arnau Martínez,DF,37,10,76.92,True,2,0,0,2,0,44,4.4,3590000,3600000,1000000
-1,Miguel Gutiérrez,DF,47,13,100.00,True,0,0,2,3,0,41,3.2,3130000,4150000,370000
-1,Yan Couto,DF,74,10,76.92,False,0,0,0,1,0,33,3.3,1300000,1410000,500000
-1,Valery,DF,98,8,61.54,True,0,0,1,1,0,24,3,850000,1130000,310000
-1,Juanpe,DF,114,7,53.85,False,0,0,0,2,0,19,2.7,1190000,2610000,1190000
-1,Javi Hernández,DF,120,9,69.23,False,0,0,0,1,0,17,1.9,710000,900000,550000
-1,Bernardo,DF,131,7,53.85,False,0,0,1,2,0,13,1.9,1850000,3340000,1750000
-1,Aleix García,MD,2,13,100.00,True,0,0,3,1,0,97,7.5,9690000,9690000,2480000
-1,Oriol Romeu,MD,44,10,76.92,True,1,0,0,4,0,49,4.9,3950000,4550000,1000000
-1,Rodrigo Riquelme,MD,60,12,92.31,False,3,0,0,0,0,44,3.7,4800000,5040000,750000
-1,Yangel Herrera,MD,82,10,76.92,True,0,0,2,1,0,38,3.8,3010000,3380000,1000000
-1,Toni Villa,MD,129,11,84.62,False,0,0,0,0,0,21,1.9,960000,1840000,920000
-1,Reinier,MD,133,7,53.85,False,1,0,0,1,0,20,2.9,1970000,2830000,750000
-1,Samu Sáiz,MD,138,6,46.15,False,1,1,0,1,0,18,3,1600000,3060000,1500000
-1,Iván Martín,MD,164,1,7.69,True,1,0,0,0,0,9,9,350000,650000,300000
-1,Ramón Terrats,MD,163,5,38.46,False,0,0,0,0,0,9,1.8,670000,1380000,220000
-1,Óscar Ureña,MD,171,3,23.08,False,0,0,0,0,0,7,2.3,480000,790000,160000
-1,Joel Roca,MD,184,0,0.00,False,0,0,0,0,0,0,0,330000,440000,160000
-1,Borja García,MD,192,0,0.00,False,0,0,0,0,0,0,0,540000,2120000,540000
-1,Ibrahima Kébé,MD,197,0,0.00,False,0,0,0,0,0,0,0,260000,480000,220000
-1,Valentín Castellanos,DL,25,13,100.00,True,2,0,0,4,0,49,3.8,5450000,7130000,1500000
-1,Stuani,DL,31,9,69.23,False,4,3,0,1,0,41,4.6,7140000,10240000,3360000
-1,Manu Vallejo,DL,58,7,53.85,False,0,0,1,0,0,25,3.6,1380000,1510000,400000
-1,Rajkovic,PT,10,13,100.00,True,0,4,0,1,0,54,4.2,3260000,4300000,1000000
-1,Greif,PT,43,0,0.00,False,0,0,0,0,0,0,0,200000,540000,180000
-1,Leo Román,PT,32,0,0.00,False,0,0,0,0,0,0,0,460000,1340000,160000
-1,Raíllo,DF,14,12,92.31,True,1,0,0,5,0,57,4.8,3830000,3980000,520000
-1,Copete,DF,24,11,84.62,True,0,0,0,3,0,52,4.7,2960000,3330000,450000
-1,Martin Valjent,DF,29,12,92.31,True,0,0,0,4,0,50,4.2,2480000,2790000,880000
-1,Maffeo,DF,42,12,92.31,False,1,0,0,3,1,42,3.5,3270000,5300000,2420000
-1,Jaume Costa,DF,73,10,76.92,True,0,0,0,4,0,33,3.3,2160000,2780000,980000
-1,Giovanni González,DF,118,4,30.77,True,0,0,2,2,0,18,4.5,440000,800000,290000
-1,Nastasic,DF,132,4,30.77,False,0,0,0,1,0,13,3.3,1120000,1260000,650000
-1,Braian Cufré,DF,138,3,23.08,False,0,0,0,0,0,11,3.7,640000,810000,160000
-1,Franco Russo,DF,155,1,7.69,False,0,0,0,0,0,4,4,340000,1900000,330000
-1,Josep Gayá,DF,178,0,0.00,False,0,0,0,0,0,0,0,240000,260000,200000
-1,Kang-In Lee,MD,8,13,100.00,True,2,0,3,3,0,81,6.2,6660000,6660000,820000
-1,Dani Rodríguez,MD,53,13,100.00,False,0,0,2,5,0,47,3.6,2410000,5790000,1990000
-1,Ruiz de Galarreta,MD,63,11,84.62,True,0,0,0,4,0,44,4,2190000,2930000,670000
-1,Grenier,MD,103,9,69.23,False,0,0,0,5,0,29,3.2,1910000,2720000,320000
-1,Idrissu Baba,MD,108,10,76.92,True,0,0,0,1,0,28,2.8,1390000,6110000,1390000
-1,Antonio Sánchez,MD,115,13,100.00,True,0,0,0,4,0,26,2,910000,1470000,460000
-1,Amath Ndiaye,MD,117,6,46.15,False,1,0,0,0,0,26,4.3,700000,1350000,290000
-1,Rodrigo Battaglia,MD,137,10,76.92,False,0,0,0,5,0,20,2,780000,1300000,560000
-1,Lago Júnior,MD,151,5,38.46,False,0,0,0,0,0,13,2.6,390000,440000,200000
-1,Javi Llabres,MD,187,1,7.69,False,0,0,0,0,0,2,2,240000,320000,160000
-1,Muriqi,DL,12,11,84.62,True,7,2,1,3,1,71,6.5,13940000,13940000,1250000
-1,Abdón Prats,DL,67,9,69.23,False,0,0,0,0,0,18,2,630000,1020000,490000
-1,Ángel Rodríguez,DL,78,5,38.46,False,0,0,0,0,0,9,1.8,1160000,4230000,1070000
-1,Kadewere,DL,94,0,0.00,False,0,0,0,0,0,0,0,1300000,2000000,1000000
-1,Sergio Herrera,PT,17,10,76.92,False,0,2,0,3,0,40,4,3250000,4420000,2750000
-1,Aitor Fernández,PT,22,3,23.08,True,0,2,0,1,0,21,7,730000,3560000,320000
-1,Juan Pérez,PT,45,0,0.00,False,0,0,0,0,0,0,0,190000,380000,160000
-1,David García Zub.,DF,41,11,84.62,True,0,0,0,5,1,43,3.9,4590000,5970000,3970000
-1,Unai García,DF,44,12,92.31,True,0,0,1,4,1,42,3.5,2580000,2580000,370000
-1,Manu Sánchez,DF,60,10,76.92,False,0,0,1,0,0,37,3.7,1890000,2980000,900000
-1,Juan Cruz,DF,62,12,92.31,True,0,0,0,3,0,37,3.1,1570000,2030000,370000
-1,Nacho Vidal,DF,76,12,92.31,True,0,0,0,2,0,31,2.6,2810000,3540000,1460000
-1,Rubén Peña,DF,85,9,69.23,False,0,0,1,1,1,28,3.1,2300000,2740000,290000
-1,Aridane Hernández,DF,140,3,23.08,False,0,0,0,0,0,9,3,1240000,2760000,1060000
-1,Unai Dufur,DF,176,0,0.00,False,0,0,0,0,0,0,0,240000,250000,160000
-1,Moi Gómez,MD,7,13,100.00,True,1,0,1,2,0,81,6.2,7510000,7710000,1020000
-1,Brasanac,MD,48,11,84.62,True,1,0,1,3,0,48,4.4,3720000,3790000,560000
-1,Rubén García,MD,47,10,76.92,False,1,0,1,2,0,48,4.8,5350000,7510000,3640000
-1,Lucas Torró,MD,66,13,100.00,True,0,0,0,4,0,43,3.3,2850000,4950000,2570000
-1,Aimar Oroz,MD,71,11,84.62,False,2,1,1,3,0,42,3.8,4150000,4510000,160000
-1,Jon Moncayola,MD,78,13,100.00,True,0,0,0,1,0,40,3.1,3420000,5950000,3180000
-1,Kike Barja,MD,134,6,46.15,False,1,0,0,0,0,20,3.3,1490000,2110000,500000
-1,Pablo Ibáñez,MD,155,4,30.77,False,0,0,0,0,0,12,3,290000,310000,160000
-1,Roberto Torres,MD,180,2,15.38,False,0,0,0,0,0,2,1,550000,5840000,550000
-1,Iker Benito,MD,201,0,0.00,False,0,0,0,0,0,0,0,240000,470000,160000
-1,Ezequiel Ávila,DL,14,12,92.31,True,6,2,1,3,1,68,5.7,11570000,12810000,4010000
-1,Kike García,DL,23,13,100.00,True,2,1,0,3,0,52,4,5090000,6040000,2080000
-1,Abde Ezzalzouli,DL,38,8,61.54,False,0,0,2,1,0,34,4.3,5500000,6670000,420000
-1,Budimir,DL,41,10,76.92,False,1,0,0,1,0,33,3.3,4200000,8980000,2470000
-1,Barbero,DL,100,0,0.00,False,0,0,0,0,0,0,0,220000,290000,170000
-1,Dimitrievski,PT,13,12,92.31,True,0,4,0,3,0,47,3.9,3330000,4720000,1890000
-1,Miguel Morro,PT,48,0,0.00,False,0,0,0,0,0,0,0,170000,190000,160000
-1,Diego López,PT,49,1,7.69,False,0,0,0,0,0,-3,-3,1030000,4460000,1030000
-1,Catena,DF,1,13,100.00,True,1,0,1,4,0,64,4.9,4800000,5240000,3100000
-1,Lejeune,DF,13,11,84.62,True,3,0,0,1,0,57,5.2,4200000,4240000,1000000
-1,Fran García,DF,34,13,100.00,True,0,0,2,0,0,46,3.5,3280000,3600000,2440000
-1,Balliu,DF,36,13,100.00,True,0,0,0,2,0,45,3.5,2210000,2540000,1450000
-1,Pep Chavarría,DF,149,5,38.46,False,0,0,0,1,0,7,1.4,450000,750000,440000
-1,Abdul Mumin,DF,153,2,15.38,False,0,0,0,0,0,4,2,520000,760000,500000
-1,Mario Suárez,DF,162,1,7.69,False,0,0,0,0,0,2,2,360000,1120000,360000
-1,Mario Hernández,DF,171,0,0.00,False,0,0,0,0,0,0,0,350000,670000,270000
-1,Saveljich,DF,167,0,0.00,False,0,0,0,0,0,0,0,450000,2070000,450000
-1,Isi Palazón,MD,14,12,92.31,True,3,1,3,1,0,74,6.2,7910000,8440000,2150000
-1,Álvaro García,MD,18,12,92.31,True,3,0,1,1,0,65,5.4,6170000,10550000,4010000
-1,Óscar Valentín,MD,33,13,100.00,True,0,0,0,4,0,58,4.5,3890000,3890000,1240000
-1,Pathé Ciss,MD,39,12,92.31,False,1,0,0,3,0,51,4.3,3310000,4240000,880000
-1,Trejo,MD,50,11,84.62,True,2,1,2,6,0,47,4.3,6800000,10430000,4300000
-1,Unai López,MD,54,12,92.31,False,1,0,2,0,0,47,3.9,1900000,2020000,790000
-1,Comesaña,MD,62,11,84.62,True,1,0,0,1,0,44,4,2840000,6140000,1960000
-1,Salvi,MD,114,9,69.23,False,0,0,0,1,0,26,2.9,1080000,2340000,540000
-1,Pozo,MD,158,6,46.15,False,0,0,0,0,0,11,1.8,480000,770000,300000
-1,Bebé,MD,168,4,30.77,False,0,0,0,1,0,7,1.8,740000,2940000,710000
-1,Pablo Muñoz,MD,190,2,15.38,False,0,0,0,0,0,1,0.5,210000,230000,160000
-1,Álvaro Aguirre,MD,210,0,0.00,False,0,0,0,0,0,0,0,210000,250000,160000
-1,Sergio Camello,DL,16,13,100.00,True,2,0,2,0,0,64,4.9,5550000,5550000,750000
-1,Falcao,DL,35,11,84.62,False,2,1,0,1,0,36,3.3,4270000,13130000,3240000
-1,Randy Nteka,DL,77,6,46.15,False,0,0,0,0,1,10,1.7,930000,5990000,880000
-1,Raúl de Tomás,DL,92,0,0.00,False,0,0,0,0,0,0,0,12220000,20140000,9560000
-1,Andrés Martín,DL,101,0,0.00,False,0,0,0,0,0,0,0,210000,360000,200000
-1,Courtois,PT,18,9,69.23,True,0,0,0,0,0,31,3.4,7370000,8960000,4850000
-1,Lunin,PT,20,4,30.77,False,0,2,0,0,0,25,6.3,830000,830000,340000
-1,Éder Militão,DF,3,11,84.62,True,2,0,0,0,0,62,5.6,7890000,9370000,4640000
-1,Alaba,DF,6,13,100.00,True,1,0,3,2,0,60,4.6,10450000,11200000,4320000
-1,Carvajal,DF,25,12,92.31,False,0,0,1,3,0,51,4.3,7360000,7560000,2940000
-1,Rüdiger,DF,40,12,92.31,False,1,0,0,1,0,43,3.6,5690000,11750000,4500000
-1,Lucas Vázquez,DF,52,7,53.85,True,2,0,0,1,0,39,5.6,2960000,4930000,2020000
-1,Ferland Mendy,DF,88,10,76.92,True,0,0,1,2,0,27,2.7,3630000,6610000,2660000
-1,Nacho Fernández,DF,125,6,46.15,False,0,0,0,0,0,15,2.5,1200000,3810000,1200000
-1,Odriozola,DF,169,0,0.00,False,0,0,0,0,0,0,0,410000,880000,400000
-1,Jesús Vallejo,DF,168,0,0.00,False,0,0,0,0,0,0,0,440000,1760000,320000
-1,Fede Valverde,MD,1,13,100.00,True,6,0,2,1,0,114,8.8,19920000,19920000,4600000
-1,Modric,MD,9,12,92.31,True,3,1,2,3,0,80,6.7,16820000,16820000,7610000
-1,Kroos,MD,23,10,76.92,True,0,0,1,0,0,63,6.3,14900000,17700000,8280000
-1,Tchouaméni,MD,22,11,84.62,True,0,0,2,1,0,63,5.7,15580000,16360000,5000000
-1,Camavinga,MD,51,13,100.00,False,0,0,0,1,0,47,3.6,6330000,9070000,3280000
-1,Dani Ceballos,MD,112,7,53.85,False,0,0,1,1,0,26,3.7,2170000,3660000,740000
-1,Vinícius Júnior,DL,4,13,100.00,True,6,0,3,2,0,100,7.7,31470000,32200000,12100000
-1,Rodrygo,DL,9,11,84.62,True,4,1,4,1,0,81,7.4,16680000,17250000,2670000
-1,Benzema,DL,20,7,53.85,False,5,1,1,0,0,53,7.6,30820000,33950000,16310000
-1,Asensio,DL,27,9,69.23,False,1,0,2,0,0,45,5,5310000,9820000,3730000
-1,Mariano Díaz,DL,79,4,30.77,False,0,0,0,0,0,9,2.3,680000,2460000,440000
-1,Eden Hazard,DL,83,3,23.08,False,0,0,0,0,0,4,1.3,3690000,8500000,2030000
-1,Peter González,DL,96,0,0.00,False,0,0,0,0,0,0,0,410000,750000,160000
-1,Alex Remiro,PT,8,13,100.00,True,1,4,0,0,0,57,4.4,4960000,5960000,3280000
-1,Andoni Zubiaurre,PT,35,0,0.00,False,0,0,0,0,0,0,0,310000,410000,160000
-1,Le Normand,DF,45,10,76.92,True,0,0,0,3,0,41,4.1,5870000,6480000,3440000
-1,Zubeldia,DF,53,9,69.23,True,1,0,0,3,0,39,4.3,2550000,2550000,580000
-1,Gorosabel,DF,68,11,84.62,True,0,0,0,2,0,35,3.2,2440000,3000000,1560000
-1,Diego Rico,DF,93,6,46.15,True,0,0,0,1,0,25,4.2,3330000,3360000,1410000
-1,Aritz Elustondo,DF,95,11,84.62,False,0,0,0,3,1,24,2.2,2810000,6300000,2120000
-1,Jon Pacheco,DF,101,8,61.54,False,0,0,0,1,0,23,2.9,1200000,1200000,290000
-1,Aihen Muñoz,DF,113,9,69.23,False,0,0,0,0,0,19,2.1,1370000,1770000,410000
-1,Álex Sola,DF,115,4,30.77,False,0,0,0,1,0,19,4.8,660000,750000,250000
-1,Brais Méndez,MD,3,13,100.00,True,5,0,2,4,0,95,7.3,15280000,15550000,3070000
-1,Mikel Merino,MD,11,13,100.00,True,1,0,4,4,0,78,6,12680000,13550000,5410000
-1,Zubimendi,MD,26,13,100.00,True,1,0,2,4,0,63,4.8,5590000,5910000,2150000
-1,Kubo,MD,37,11,84.62,True,2,0,2,0,0,51,4.6,6720000,8370000,2040000
-1,Silva,MD,70,11,84.62,True,0,0,0,2,0,42,3.8,5900000,7820000,3270000
-1,Illarramendi,MD,105,6,46.15,False,1,0,0,2,0,28,4.7,1650000,1730000,800000
-1,Beñat Turrientes,MD,154,6,46.15,False,0,0,0,0,0,12,2,390000,730000,280000
-1,Robert Navarro,MD,153,7,53.85,False,0,0,0,2,0,12,1.7,530000,660000,240000
-1,Ander Barrenetxea,MD,161,4,30.77,False,0,0,0,1,0,9,2.3,860000,3810000,580000
-1,Pablo Marín,MD,165,2,15.38,False,0,0,0,1,0,8,4,710000,720000,160000
-1,Guevara,MD,166,3,23.08,False,0,0,0,1,0,8,2.7,560000,1510000,270000
-1,Jon Magunazelaia,MD,172,2,15.38,False,0,0,0,0,0,7,3.5,430000,430000,160000
-1,Merquelanz,MD,198,0,0.00,False,0,0,0,0,0,0,0,250000,1460000,250000
-1,Ander Martín,MD,204,0,0.00,False,0,0,0,0,0,0,0,230000,300000,160000
-1,Sorloth,DL,44,9,69.23,True,3,0,1,1,0,32,3.6,10850000,11350000,2000000
-1,Ali Cho,DL,52,7,53.85,False,0,0,2,1,0,27,3.9,5740000,8270000,1500000
-1,Umar Sadiq,DL,55,5,38.46,False,3,0,0,1,0,25,5,6520000,15620000,3500000
-1,Karrikaburu,DL,69,6,46.15,False,0,0,0,1,0,15,2.5,1570000,2160000,160000
-1,Carlos Fernández,DL,70,6,46.15,False,0,0,0,1,0,14,2.3,2790000,2890000,420000
-1,Oyarzabal,DL,93,0,0.00,False,0,0,0,0,0,0,0,9610000,19010000,3350000
-1,Masip,PT,11,8,61.54,True,2,2,0,2,0,54,6.8,2870000,2870000,750000
-1,Sergio Asenjo,PT,28,5,38.46,False,0,1,0,0,0,6,1.2,1080000,1970000,740000
-1,Joaquín Fernández,DF,10,12,92.31,True,1,0,0,2,0,59,4.9,3240000,3550000,560000
-1,Javi Sánchez,DF,17,12,92.31,False,1,0,0,4,0,55,4.6,2300000,2690000,530000
-1,Sergio Escudero,DF,61,9,69.23,False,0,0,0,2,0,37,4.1,1760000,1760000,500000
-1,Jawad El Yamiq,DF,89,7,53.85,True,0,0,0,0,1,27,3.9,1660000,1940000,1000000
-1,Lucas Olaza,DF,91,8,61.54,True,0,0,0,2,0,26,3.3,1370000,1460000,560000
-1,Iván Fresneda,DF,94,5,38.46,True,0,0,0,0,0,25,5,2090000,2260000,160000
-1,Zouhair Feddal,DF,96,6,46.15,False,0,0,0,1,0,24,4,1910000,2040000,750000
-1,Lucas Rosa,DF,121,4,30.77,False,0,0,0,1,0,17,4.3,660000,660000,160000
-1,Luis Pérez,DF,126,5,38.46,False,0,0,0,1,0,15,3,1000000,1690000,1000000
-1,Óscar Plano,MD,29,13,100.00,True,1,0,1,1,0,60,4.6,4370000,4620000,1340000
-1,Roque Mesa,MD,34,12,92.31,True,2,0,1,4,0,57,4.8,3250000,3530000,2000000
-1,Monchu,MD,35,11,84.62,False,1,0,1,2,0,55,5,4350000,4480000,620000
-1,Álvaro Aguado,MD,45,12,92.31,True,0,0,2,1,0,49,4.1,2270000,2910000,1220000
-1,Kike Pérez,MD,61,12,92.31,True,0,0,1,2,0,44,3.7,3250000,3450000,340000
-1,Iván Sánchez,MD,89,10,76.92,False,0,0,0,0,0,36,3.6,1350000,2210000,880000
-1,Gonzalo Plata,MD,96,9,69.23,True,0,0,2,0,0,33,3.7,3330000,4570000,1500000
-1,Anuar,MD,141,3,23.08,False,1,0,0,1,0,17,5.7,1320000,2420000,250000
-1,Mickael Malsa,MD,170,4,30.77,False,0,0,0,0,0,7,1.8,520000,1810000,500000
-1,Kenedy,MD,177,1,7.69,False,0,0,0,0,0,2,2,1210000,2300000,750000
-1,Sergio León,DL,18,12,92.31,False,5,1,1,0,0,59,4.9,6090000,6180000,580000
-1,Shon Weissman,DL,56,10,76.92,True,1,0,0,1,0,25,2.5,4330000,6120000,2670000
-1,Sergi Guardiola,DL,64,10,76.92,False,0,0,0,0,0,20,2,2330000,5600000,2190000
-1,Narvaez,DL,81,4,30.77,False,0,0,0,0,0,8,2,440000,680000,440000
-1,Roberto Arroyo,DL,90,1,7.69,False,0,0,0,0,0,2,2,270000,270000,160000
-1,Bono,PT,16,11,84.62,True,1,1,0,1,0,41,3.7,3570000,6560000,3550000
-1,Dmitrovic,PT,24,3,23.08,False,0,0,0,1,0,17,5.7,960000,1720000,480000
-1,José Ángel Carmona,DF,43,9,69.23,False,2,0,1,4,0,42,4.7,3270000,3460000,160000
-1,Marcos Acuña,DF,57,10,76.92,False,0,0,0,4,1,37,3.7,5320000,6910000,3800000
-1,Álex Telles,DF,59,12,92.31,True,0,0,1,4,0,37,3.1,2470000,2700000,1500000
-1,Nianzou,DF,78,9,69.23,False,0,0,0,0,0,30,3.3,3670000,4620000,2000000
-1,Jesús Navas,DF,87,10,76.92,True,0,0,0,2,0,27,2.7,3670000,7570000,2860000
-1,Rekik,DF,97,6,46.15,True,1,0,1,1,0,24,4,1730000,2980000,510000
-1,Marcão,DF,124,4,30.77,False,0,0,0,2,0,15,3.8,3340000,5190000,2500000
-1,Gonzalo Montiel,DF,127,8,61.54,False,0,0,1,3,1,14,1.8,1770000,4360000,750000
-1,Kike Salas,DF,148,4,30.77,False,0,0,1,1,1,6,1.5,860000,1190000,160000
-1,Gudelj,MD,27,11,84.62,True,2,0,0,4,0,63,5.7,2260000,2350000,420000
-1,Óliver Torres,MD,36,11,84.62,True,3,0,0,0,0,53,4.8,4450000,4800000,530000
-1,Papu Gómez,MD,65,12,92.31,False,0,0,1,4,0,43,3.6,5730000,7300000,2830000
-1,Isco,MD,69,11,84.62,True,0,0,2,5,0,42,3.8,6260000,9750000,1040000
-1,Rakitic,MD,94,10,76.92,True,0,0,0,1,0,33,3.3,4200000,9140000,3780000
-1,Joan Jordan,MD,104,9,69.23,True,0,0,0,2,0,28,3.1,3430000,7790000,3210000
-1,Fernando Reges,MD,109,6,46.15,False,0,0,0,2,0,27,4.5,4700000,6860000,1710000
-1,Delaney,MD,139,7,53.85,False,0,0,0,3,0,18,2.6,1280000,3530000,1270000
-1,Pedro Ortiz,MD,203,0,0.00,False,0,0,0,0,0,0,0,230000,360000,200000
-1,Erik Lamela,DL,29,12,92.31,False,3,0,0,3,0,43,3.6,7310000,11560000,2970000
-1,Rafa Mir,DL,59,8,61.54,True,1,0,0,1,0,24,3,4020000,13420000,3320000
-1,En-Nesyri,DL,63,9,69.23,False,0,0,0,1,0,20,2.2,4690000,12730000,3510000
-1,Dolberg,DL,71,4,30.77,False,0,0,1,0,0,13,3.3,2610000,3770000,2000000
-1,Suso,DL,74,4,30.77,True,0,0,0,1,0,11,2.8,1800000,5020000,610000
-1,Januzaj,DL,86,1,7.69,False,0,0,0,0,0,3,3,2540000,5790000,1750000
-1,Jesús Corona,DL,87,1,7.69,False,0,0,0,0,0,2,2,2310000,9150000,2210000
-1,Mamardashvili,PT,12,13,100.00,True,0,2,0,1,0,51,3.9,4060000,4060000,850000
-1,Jaume Doménech,PT,38,0,0.00,False,0,0,0,0,0,0,0,260000,580000,180000
-1,Herrerín,PT,33,0,0.00,False,0,0,0,0,0,0,0,380000,420000,160000
-1,Gayà,DF,11,9,69.23,True,0,0,1,1,0,57,6.3,6660000,6790000,2540000
-1,Diakhaby,DF,20,10,76.92,False,2,0,0,3,0,53,5.3,4060000,4360000,560000
-1,Thierry Correia,DF,21,13,100.00,True,0,0,0,3,0,52,4,4540000,4710000,1070000
-1,Cömert,DF,35,10,76.92,True,1,0,0,3,1,45,4.5,2270000,2270000,330000
-1,Lato,DF,49,9,69.23,False,1,0,0,0,0,40,4.4,2160000,2780000,300000
-1,Gabriel Paulista,DF,48,10,76.92,False,1,0,0,1,0,40,4,4560000,5640000,2740000
-1,Foulquier,DF,102,8,61.54,False,0,0,1,2,0,23,2.9,950000,2000000,820000
-1,Özkacar,DF,142,2,15.38,True,0,0,0,0,0,9,4.5,690000,1160000,500000
-1,Jesús Vázquez,DF,145,4,30.77,False,0,0,0,1,0,7,1.8,720000,1700000,310000
-1,Cristhian Mosquera,DF,151,2,15.38,False,0,0,0,0,0,5,2.5,400000,640000,160000
-1,Rubén Iranzo,DF,179,0,0.00,False,0,0,0,0,0,0,0,200000,280000,160000
-1,Samuel Lino,MD,17,13,100.00,True,2,0,0,3,0,65,5,6960000,6960000,500000
-1,Guillamón,MD,38,12,92.31,True,0,0,4,4,0,51,4.3,5440000,5550000,1160000
-1,André Almeida,MD,43,10,76.92,True,1,0,2,0,0,49,4.9,4780000,4810000,850000
-1,Samu Castillejo,MD,76,9,69.23,False,2,0,0,3,0,40,4.4,8830000,9020000,2500000
-1,Kluivert,MD,83,9,69.23,True,1,0,0,1,0,37,4.1,5820000,5820000,1500000
-1,Yunus Musah,MD,86,10,76.92,True,0,0,2,5,0,36,3.6,3450000,4030000,480000
-1,Nico González,MD,95,11,84.62,False,1,0,0,0,0,33,3,3730000,7450000,1540000
-1,Ilaix Moriba,MD,132,6,46.15,False,0,0,0,1,0,20,3.3,2100000,3460000,1000000
-1,Fran Pérez,MD,186,0,0.00,False,0,0,0,0,0,0,0,290000,380000,160000
-1,Jesús Santiago,MD,195,0,0.00,False,0,0,0,0,0,0,0,290000,470000,160000
-1,Cavani,DL,28,7,53.85,False,4,2,1,0,0,44,6.3,19180000,20300000,4000000
-1,Marcos André,DL,48,10,76.92,True,1,0,0,2,1,31,3.1,2790000,3510000,480000
-1,Hugo Duro,DL,50,9,69.23,False,1,0,0,0,0,28,3.1,3370000,5550000,2480000
-1,Diego López Noguerol,DL,88,1,7.69,False,0,0,0,0,0,2,2,340000,460000,160000
-1,Rulli,PT,2,13,100.00,True,0,6,0,1,0,82,6.3,6690000,6760000,2820000
-1,Pepe Reina,PT,30,0,0.00,False,0,0,0,0,0,0,0,610000,1160000,350000
-1,Pau Torres,DF,8,13,100.00,False,0,0,0,5,0,59,4.5,8280000,8890000,5550000
-1,Albiol,DF,12,12,92.31,True,0,0,0,3,0,57,4.8,6320000,6320000,2330000
-1,Alfonso Pedraza,DF,30,10,76.92,False,0,0,1,1,0,48,4.8,4830000,5290000,1440000
-1,Kiko Femenía,DF,58,10,76.92,True,0,0,0,0,0,37,3.7,3060000,3060000,1000000
-1,Aïssa Mandi,DF,99,7,53.85,True,0,0,0,0,0,23,3.3,1670000,2210000,750000
-1,Johan Mojica,DF,108,8,61.54,False,0,0,0,2,0,20,2.5,3160000,5390000,2930000
-1,Juan Foyth,DF,123,3,23.08,False,0,0,0,0,0,15,5,4000000,5720000,2130000
-1,Jorge Cuenca,DF,160,1,7.69,False,0,0,0,0,0,2,2,570000,3090000,570000
-1,Parejo,MD,6,13,100.00,True,0,0,2,2,0,84,6.5,16390000,18600000,8390000
-1,Álex Baena,MD,25,12,92.31,True,4,0,0,4,0,63,5.3,7280000,7280000,500000
-1,Yéremi Pino,MD,64,12,92.31,True,1,0,0,1,0,43,3.6,6950000,9970000,3410000
-1,Coquelin,MD,74,10,76.92,True,1,0,0,2,0,41,4.1,4040000,4450000,1280000
-1,Capoue,MD,73,9,69.23,False,0,0,0,0,0,41,4.6,4230000,6080000,3210000
-1,Lo Celso,MD,81,8,61.54,False,1,0,0,1,0,38,4.8,8630000,16260000,3500000
-1,Samu Chukwueze,MD,85,12,92.31,False,0,0,1,1,0,37,3.1,4210000,5750000,2500000
-1,Alberto Moreno,MD,147,5,38.46,True,0,0,0,3,0,13,2.6,1850000,5880000,730000
-1,Trigueros,MD,152,5,38.46,False,0,0,0,1,0,12,2.4,2330000,7190000,1780000
-1,Alberto del Moral,MD,183,1,7.69,False,0,0,0,0,0,2,2,350000,350000,160000
-1,Morlanes,MD,182,2,15.38,False,0,0,0,0,0,6,3,500000,2250000,500000
-1,Carlo Adriano,MD,200,0,0.00,False,0,0,0,0,0,0,0,240000,330000,160000
-1,Nicolas Jackson,DL,24,13,100.00,False,2,0,2,1,0,50,3.8,6050000,7760000,160000
-1,Morales,DL,39,13,100.00,True,1,0,0,0,0,34,2.6,5250000,9460000,4140000
-1,Danjuma,DL,45,8,61.54,True,2,1,0,0,0,32,4,9320000,18180000,6950000
-1,Gerard Moreno,DL,62,5,38.46,False,2,0,0,1,0,22,4.4,12480000,22410000,7350000
-1,Fernando Niño,DL,95,0,0.00,False,0,0,0,0,0,0,0,550000,5490000,550000
